test	selector	repetition	rc	elapsed_seconds	result_rows	first_attempt_pass	result_dir
backend-parity-c/pthread-lifecycle	--include-manual	1	1	2	1	no	/home/newton/work/dev-hermit/worktrees/slots/integration-pr529-pr538-diagnostic/integration-evidence/brs-pr529-pr538-90ad-r2-canonical-1900877-1789013353477743636/results/backend-parity-c-pthread-lifecycle/repetition-1
c-programs/get-robust-list-thread	--probe-disabled	1	1	2	1	no	/home/newton/work/dev-hermit/worktrees/slots/integration-pr529-pr538-diagnostic/integration-evidence/brs-pr529-pr538-90ad-r2-canonical-1900877-1789013353477743636/results/c-programs-get-robust-list-thread/repetition-1
c-programs/just-spin	--include-manual	1	0	2	1	yes	/home/newton/work/dev-hermit/worktrees/slots/integration-pr529-pr538-diagnostic/integration-evidence/brs-pr529-pr538-90ad-r2-canonical-1900877-1789013353477743636/results/c-programs-just-spin/repetition-1
c-programs/nanosleep-threads-nocrash	--probe-disabled	1	1	2	1	no	/home/newton/work/dev-hermit/worktrees/slots/integration-pr529-pr538-diagnostic/integration-evidence/brs-pr529-pr538-90ad-r2-canonical-1900877-1789013353477743636/results/c-programs-nanosleep-threads-nocrash/repetition-1
c-programs/printf-with-threads	--probe-disabled	1	0	2	1	yes	/home/newton/work/dev-hermit/worktrees/slots/integration-pr529-pr538-diagnostic/integration-evidence/brs-pr529-pr538-90ad-r2-canonical-1900877-1789013353477743636/results/c-programs-printf-with-threads/repetition-1
c-programs/prodcons-determinism	--include-manual	1	0	2	1	yes	/home/newton/work/dev-hermit/worktrees/slots/integration-pr529-pr538-diagnostic/integration-evidence/brs-pr529-pr538-90ad-r2-canonical-1900877-1789013353477743636/results/c-programs-prodcons-determinism/repetition-1
c-programs/random-sources	--probe-disabled	1	0	2	1	yes	/home/newton/work/dev-hermit/worktrees/slots/integration-pr529-pr538-diagnostic/integration-evidence/brs-pr529-pr538-90ad-r2-canonical-1900877-1789013353477743636/results/c-programs-random-sources/repetition-1
c-programs/sched-yield-progress	--probe-disabled	1	1	2	1	no	/home/newton/work/dev-hermit/worktrees/slots/integration-pr529-pr538-diagnostic/integration-evidence/brs-pr529-pr538-90ad-r2-canonical-1900877-1789013353477743636/results/c-programs-sched-yield-progress/repetition-1
c-programs/sigmask-preemption	--probe-disabled	1	0	2	1	yes	/home/newton/work/dev-hermit/worktrees/slots/integration-pr529-pr538-diagnostic/integration-evidence/brs-pr529-pr538-90ad-r2-canonical-1900877-1789013353477743636/results/c-programs-sigmask-preemption/repetition-1
c-programs/sigtimedwait-no-timeout	--probe-disabled	1	1	24	1	no	/home/newton/work/dev-hermit/worktrees/slots/integration-pr529-pr538-diagnostic/integration-evidence/brs-pr529-pr538-90ad-r2-canonical-1900877-1789013353477743636/results/c-programs-sigtimedwait-no-timeout/repetition-1
c-programs/sigtimedwait-timeout-0s	--probe-disabled	1	1	2	1	no	/home/newton/work/dev-hermit/worktrees/slots/integration-pr529-pr538-diagnostic/integration-evidence/brs-pr529-pr538-90ad-r2-canonical-1900877-1789013353477743636/results/c-programs-sigtimedwait-timeout-0s/repetition-1
c-programs/sigtimedwait-timeout-1s	--probe-disabled	1	1	1	1	no	/home/newton/work/dev-hermit/worktrees/slots/integration-pr529-pr538-diagnostic/integration-evidence/brs-pr529-pr538-90ad-r2-canonical-1900877-1789013353477743636/results/c-programs-sigtimedwait-timeout-1s/repetition-1
c-programs/sysinfo-uptime	--probe-disabled	1	0	2	1	yes	/home/newton/work/dev-hermit/worktrees/slots/integration-pr529-pr538-diagnostic/integration-evidence/brs-pr529-pr538-90ad-r2-canonical-1900877-1789013353477743636/results/c-programs-sysinfo-uptime/repetition-1
c-programs/thread-sync-determinism	--include-manual	1	1	2	1	no	/home/newton/work/dev-hermit/worktrees/slots/integration-pr529-pr538-diagnostic/integration-evidence/brs-pr529-pr538-90ad-r2-canonical-1900877-1789013353477743636/results/c-programs-thread-sync-determinism/repetition-1
c-programs/threadexhaustion	--probe-disabled	1	1	2	1	no	/home/newton/work/dev-hermit/worktrees/slots/integration-pr529-pr538-diagnostic/integration-evidence/brs-pr529-pr538-90ad-r2-canonical-1900877-1789013353477743636/results/c-programs-threadexhaustion/repetition-1
c-programs/writev-determinism	--probe-disabled	1	1	25	1	no	/home/newton/work/dev-hermit/worktrees/slots/integration-pr529-pr538-diagnostic/integration-evidence/brs-pr529-pr538-90ad-r2-canonical-1900877-1789013353477743636/results/c-programs-writev-determinism/repetition-1
chaos-c/lock-granularity	--probe-disabled	1	1	2	1	no	/home/newton/work/dev-hermit/worktrees/slots/integration-pr529-pr538-diagnostic/integration-evidence/brs-pr529-pr538-90ad-r2-canonical-1900877-1789013353477743636/results/chaos-c-lock-granularity/repetition-1
data-handling/zstd-multithread	--probe-disabled	1	1	20	1	no	/home/newton/work/dev-hermit/worktrees/slots/integration-pr529-pr538-diagnostic/integration-evidence/brs-pr529-pr538-90ad-r2-canonical-1900877-1789013353477743636/results/data-handling-zstd-multithread/repetition-1
determinism-stress-c/lock-free	--probe-disabled	1	0	2	1	yes	/home/newton/work/dev-hermit/worktrees/slots/integration-pr529-pr538-diagnostic/integration-evidence/brs-pr529-pr538-90ad-r2-canonical-1900877-1789013353477743636/results/determinism-stress-c-lock-free/repetition-1
determinism-stress-c/pid-tid	--probe-disabled	1	0	3	1	yes	/home/newton/work/dev-hermit/worktrees/slots/integration-pr529-pr538-diagnostic/integration-evidence/brs-pr529-pr538-90ad-r2-canonical-1900877-1789013353477743636/results/determinism-stress-c-pid-tid/repetition-1
determinism-stress-c/pid-tid-identity	--probe-disabled	1	1	4	1	no	/home/newton/work/dev-hermit/worktrees/slots/integration-pr529-pr538-diagnostic/integration-evidence/brs-pr529-pr538-90ad-r2-canonical-1900877-1789013353477743636/results/determinism-stress-c-pid-tid-identity/repetition-1
determinism-stress-c/producer-consumer	--probe-disabled	1	0	2	1	yes	/home/newton/work/dev-hermit/worktrees/slots/integration-pr529-pr538-diagnostic/integration-evidence/brs-pr529-pr538-90ad-r2-canonical-1900877-1789013353477743636/results/determinism-stress-c-producer-consumer/repetition-1
determinism-stress-c/signal-order	--probe-disabled	1	1	24	1	no	/home/newton/work/dev-hermit/worktrees/slots/integration-pr529-pr538-diagnostic/integration-evidence/brs-pr529-pr538-90ad-r2-canonical-1900877-1789013353477743636/results/determinism-stress-c-signal-order/repetition-1
determinism-stress/order-violation	--probe-disabled	1	0	2	1	yes	/home/newton/work/dev-hermit/worktrees/slots/integration-pr529-pr538-diagnostic/integration-evidence/brs-pr529-pr538-90ad-r2-canonical-1900877-1789013353477743636/results/determinism-stress-order-violation/repetition-1
determinism-stress/thread-contention	--probe-disabled	1	1	58	1	no	/home/newton/work/dev-hermit/worktrees/slots/integration-pr529-pr538-diagnostic/integration-evidence/brs-pr529-pr538-90ad-r2-canonical-1900877-1789013353477743636/results/determinism-stress-thread-contention/repetition-1
language-runtimes/node-v8-jit	--probe-disabled	1	1	59	1	no	/home/newton/work/dev-hermit/worktrees/slots/integration-pr529-pr538-diagnostic/integration-evidence/brs-pr529-pr538-90ad-r2-canonical-1900877-1789013353477743636/results/language-runtimes-node-v8-jit/repetition-1
language-runtimes/ruby-random	--include-manual	1	0	2	1	yes	/home/newton/work/dev-hermit/worktrees/slots/integration-pr529-pr538-diagnostic/integration-evidence/brs-pr529-pr538-90ad-r2-canonical-1900877-1789013353477743636/results/language-runtimes-ruby-random/repetition-1
