program	run	outcome	exit_code	stdout_sha256	stderr_sha256	fingerprint_sha256
curl	run-0001	pass	0	9bcfb8536baf53919f8c01982c01ec955be5beec8971f80c866a65a1dcdacbdb	e3b0c44298fc1c149afbf4c8996fb92427ae41e4649b934ca495991b7852b855	9e19cbeab38bb0dd10c8ece5da20db883e301af3c5e859f2e6c8e90585052f1d
curl	run-0002	pass	0	9bcfb8536baf53919f8c01982c01ec955be5beec8971f80c866a65a1dcdacbdb	e3b0c44298fc1c149afbf4c8996fb92427ae41e4649b934ca495991b7852b855	9e19cbeab38bb0dd10c8ece5da20db883e301af3c5e859f2e6c8e90585052f1d
curl	run-0003	pass	0	9bcfb8536baf53919f8c01982c01ec955be5beec8971f80c866a65a1dcdacbdb	e3b0c44298fc1c149afbf4c8996fb92427ae41e4649b934ca495991b7852b855	9e19cbeab38bb0dd10c8ece5da20db883e301af3c5e859f2e6c8e90585052f1d
git	run-0001	timeout	137	adf64af7412305d0923b2c02315ac8dfd7482977b4931c5f679a9885faf32a6d	e3b0c44298fc1c149afbf4c8996fb92427ae41e4649b934ca495991b7852b855	5e0b6b6751779aed9bb649025ef3e2b970d27eef898d50fdc83bcbc419ffd26c
git	run-0002	timeout	137	adf64af7412305d0923b2c02315ac8dfd7482977b4931c5f679a9885faf32a6d	e3b0c44298fc1c149afbf4c8996fb92427ae41e4649b934ca495991b7852b855	5e0b6b6751779aed9bb649025ef3e2b970d27eef898d50fdc83bcbc419ffd26c
git	run-0003	timeout	137	adf64af7412305d0923b2c02315ac8dfd7482977b4931c5f679a9885faf32a6d	e3b0c44298fc1c149afbf4c8996fb92427ae41e4649b934ca495991b7852b855	5e0b6b6751779aed9bb649025ef3e2b970d27eef898d50fdc83bcbc419ffd26c
nginx	run-0001	timeout	137	354ccf112324b81cb1d51ff6ab579aef6da6195d2351fbc067c93ca899107c78	e3b0c44298fc1c149afbf4c8996fb92427ae41e4649b934ca495991b7852b855	bbeb6b557a5c8e2e6cf1ca44cd500b33fcb6ef644aadfd7bd856f810625586aa
nginx	run-0002	timeout	137	354ccf112324b81cb1d51ff6ab579aef6da6195d2351fbc067c93ca899107c78	e3b0c44298fc1c149afbf4c8996fb92427ae41e4649b934ca495991b7852b855	bbeb6b557a5c8e2e6cf1ca44cd500b33fcb6ef644aadfd7bd856f810625586aa
nginx	run-0003	timeout	137	354ccf112324b81cb1d51ff6ab579aef6da6195d2351fbc067c93ca899107c78	e3b0c44298fc1c149afbf4c8996fb92427ae41e4649b934ca495991b7852b855	bbeb6b557a5c8e2e6cf1ca44cd500b33fcb6ef644aadfd7bd856f810625586aa
redis-server	run-0001	timeout	137	845c79ee41b8686d6fe4190ead944fe74fe5d856786b2d36c62725eda1c73a7c	e3b0c44298fc1c149afbf4c8996fb92427ae41e4649b934ca495991b7852b855	38b6b511df5f8f2a1e934ff9dcdc802e28a586df7249e20f30ab6ff608652d44
redis-server	run-0002	timeout	137	845c79ee41b8686d6fe4190ead944fe74fe5d856786b2d36c62725eda1c73a7c	e3b0c44298fc1c149afbf4c8996fb92427ae41e4649b934ca495991b7852b855	38b6b511df5f8f2a1e934ff9dcdc802e28a586df7249e20f30ab6ff608652d44
redis-server	run-0003	timeout	137	845c79ee41b8686d6fe4190ead944fe74fe5d856786b2d36c62725eda1c73a7c	e3b0c44298fc1c149afbf4c8996fb92427ae41e4649b934ca495991b7852b855	38b6b511df5f8f2a1e934ff9dcdc802e28a586df7249e20f30ab6ff608652d44
