run	exit_code	stdout_sha256	stderr_sha256	fingerprint_sha256
run-0001	0	1189a8359b0b4359b369b4cadf2d7ea21df28afcecb4b4bc547ac2e4ce4b8d12	e3b0c44298fc1c149afbf4c8996fb92427ae41e4649b934ca495991b7852b855	e675a3b4a08f1474a5e8dfb8156153a35b0d24e90926863f7cbf7dd666d00e37
run-0002	0	1189a8359b0b4359b369b4cadf2d7ea21df28afcecb4b4bc547ac2e4ce4b8d12	e3b0c44298fc1c149afbf4c8996fb92427ae41e4649b934ca495991b7852b855	e675a3b4a08f1474a5e8dfb8156153a35b0d24e90926863f7cbf7dd666d00e37
run-0003	0	1189a8359b0b4359b369b4cadf2d7ea21df28afcecb4b4bc547ac2e4ce4b8d12	e3b0c44298fc1c149afbf4c8996fb92427ae41e4649b934ca495991b7852b855	e675a3b4a08f1474a5e8dfb8156153a35b0d24e90926863f7cbf7dd666d00e37
run-0004	0	1189a8359b0b4359b369b4cadf2d7ea21df28afcecb4b4bc547ac2e4ce4b8d12	e3b0c44298fc1c149afbf4c8996fb92427ae41e4649b934ca495991b7852b855	e675a3b4a08f1474a5e8dfb8156153a35b0d24e90926863f7cbf7dd666d00e37
run-0005	0	1189a8359b0b4359b369b4cadf2d7ea21df28afcecb4b4bc547ac2e4ce4b8d12	e3b0c44298fc1c149afbf4c8996fb92427ae41e4649b934ca495991b7852b855	e675a3b4a08f1474a5e8dfb8156153a35b0d24e90926863f7cbf7dd666d00e37
run-0006	0	1189a8359b0b4359b369b4cadf2d7ea21df28afcecb4b4bc547ac2e4ce4b8d12	e3b0c44298fc1c149afbf4c8996fb92427ae41e4649b934ca495991b7852b855	e675a3b4a08f1474a5e8dfb8156153a35b0d24e90926863f7cbf7dd666d00e37
run-0007	0	1189a8359b0b4359b369b4cadf2d7ea21df28afcecb4b4bc547ac2e4ce4b8d12	e3b0c44298fc1c149afbf4c8996fb92427ae41e4649b934ca495991b7852b855	e675a3b4a08f1474a5e8dfb8156153a35b0d24e90926863f7cbf7dd666d00e37
run-0008	0	1189a8359b0b4359b369b4cadf2d7ea21df28afcecb4b4bc547ac2e4ce4b8d12	e3b0c44298fc1c149afbf4c8996fb92427ae41e4649b934ca495991b7852b855	e675a3b4a08f1474a5e8dfb8156153a35b0d24e90926863f7cbf7dd666d00e37
run-0009	0	1189a8359b0b4359b369b4cadf2d7ea21df28afcecb4b4bc547ac2e4ce4b8d12	e3b0c44298fc1c149afbf4c8996fb92427ae41e4649b934ca495991b7852b855	e675a3b4a08f1474a5e8dfb8156153a35b0d24e90926863f7cbf7dd666d00e37
run-0010	0	1189a8359b0b4359b369b4cadf2d7ea21df28afcecb4b4bc547ac2e4ce4b8d12	e3b0c44298fc1c149afbf4c8996fb92427ae41e4649b934ca495991b7852b855	e675a3b4a08f1474a5e8dfb8156153a35b0d24e90926863f7cbf7dd666d00e37
run-0011	0	1189a8359b0b4359b369b4cadf2d7ea21df28afcecb4b4bc547ac2e4ce4b8d12	e3b0c44298fc1c149afbf4c8996fb92427ae41e4649b934ca495991b7852b855	e675a3b4a08f1474a5e8dfb8156153a35b0d24e90926863f7cbf7dd666d00e37
run-0012	0	1189a8359b0b4359b369b4cadf2d7ea21df28afcecb4b4bc547ac2e4ce4b8d12	e3b0c44298fc1c149afbf4c8996fb92427ae41e4649b934ca495991b7852b855	e675a3b4a08f1474a5e8dfb8156153a35b0d24e90926863f7cbf7dd666d00e37
run-0013	0	1189a8359b0b4359b369b4cadf2d7ea21df28afcecb4b4bc547ac2e4ce4b8d12	e3b0c44298fc1c149afbf4c8996fb92427ae41e4649b934ca495991b7852b855	e675a3b4a08f1474a5e8dfb8156153a35b0d24e90926863f7cbf7dd666d00e37
run-0014	0	1189a8359b0b4359b369b4cadf2d7ea21df28afcecb4b4bc547ac2e4ce4b8d12	e3b0c44298fc1c149afbf4c8996fb92427ae41e4649b934ca495991b7852b855	e675a3b4a08f1474a5e8dfb8156153a35b0d24e90926863f7cbf7dd666d00e37
run-0015	0	1189a8359b0b4359b369b4cadf2d7ea21df28afcecb4b4bc547ac2e4ce4b8d12	e3b0c44298fc1c149afbf4c8996fb92427ae41e4649b934ca495991b7852b855	e675a3b4a08f1474a5e8dfb8156153a35b0d24e90926863f7cbf7dd666d00e37
run-0016	0	1189a8359b0b4359b369b4cadf2d7ea21df28afcecb4b4bc547ac2e4ce4b8d12	e3b0c44298fc1c149afbf4c8996fb92427ae41e4649b934ca495991b7852b855	e675a3b4a08f1474a5e8dfb8156153a35b0d24e90926863f7cbf7dd666d00e37
run-0017	0	1189a8359b0b4359b369b4cadf2d7ea21df28afcecb4b4bc547ac2e4ce4b8d12	e3b0c44298fc1c149afbf4c8996fb92427ae41e4649b934ca495991b7852b855	e675a3b4a08f1474a5e8dfb8156153a35b0d24e90926863f7cbf7dd666d00e37
run-0018	0	1189a8359b0b4359b369b4cadf2d7ea21df28afcecb4b4bc547ac2e4ce4b8d12	e3b0c44298fc1c149afbf4c8996fb92427ae41e4649b934ca495991b7852b855	e675a3b4a08f1474a5e8dfb8156153a35b0d24e90926863f7cbf7dd666d00e37
run-0019	0	1189a8359b0b4359b369b4cadf2d7ea21df28afcecb4b4bc547ac2e4ce4b8d12	e3b0c44298fc1c149afbf4c8996fb92427ae41e4649b934ca495991b7852b855	e675a3b4a08f1474a5e8dfb8156153a35b0d24e90926863f7cbf7dd666d00e37
run-0020	0	1189a8359b0b4359b369b4cadf2d7ea21df28afcecb4b4bc547ac2e4ce4b8d12	e3b0c44298fc1c149afbf4c8996fb92427ae41e4649b934ca495991b7852b855	e675a3b4a08f1474a5e8dfb8156153a35b0d24e90926863f7cbf7dd666d00e37
run-0021	0	1189a8359b0b4359b369b4cadf2d7ea21df28afcecb4b4bc547ac2e4ce4b8d12	e3b0c44298fc1c149afbf4c8996fb92427ae41e4649b934ca495991b7852b855	e675a3b4a08f1474a5e8dfb8156153a35b0d24e90926863f7cbf7dd666d00e37
run-0022	0	1189a8359b0b4359b369b4cadf2d7ea21df28afcecb4b4bc547ac2e4ce4b8d12	e3b0c44298fc1c149afbf4c8996fb92427ae41e4649b934ca495991b7852b855	e675a3b4a08f1474a5e8dfb8156153a35b0d24e90926863f7cbf7dd666d00e37
run-0023	0	1189a8359b0b4359b369b4cadf2d7ea21df28afcecb4b4bc547ac2e4ce4b8d12	e3b0c44298fc1c149afbf4c8996fb92427ae41e4649b934ca495991b7852b855	e675a3b4a08f1474a5e8dfb8156153a35b0d24e90926863f7cbf7dd666d00e37
run-0024	0	1189a8359b0b4359b369b4cadf2d7ea21df28afcecb4b4bc547ac2e4ce4b8d12	e3b0c44298fc1c149afbf4c8996fb92427ae41e4649b934ca495991b7852b855	e675a3b4a08f1474a5e8dfb8156153a35b0d24e90926863f7cbf7dd666d00e37
run-0025	0	1189a8359b0b4359b369b4cadf2d7ea21df28afcecb4b4bc547ac2e4ce4b8d12	e3b0c44298fc1c149afbf4c8996fb92427ae41e4649b934ca495991b7852b855	e675a3b4a08f1474a5e8dfb8156153a35b0d24e90926863f7cbf7dd666d00e37
