test	selector
backend-parity-c/pthread-lifecycle	--probe-disabled
c-programs/get-robust-list-thread	--probe-disabled
c-programs/just-spin	--include-manual
c-programs/nanosleep-threads-nocrash	--probe-disabled
c-programs/printf-with-threads	--probe-disabled
c-programs/prodcons-determinism	--include-manual
c-programs/random-sources	--probe-disabled
c-programs/sched-yield-progress	--probe-disabled
c-programs/sigmask-preemption	--probe-disabled
c-programs/sigtimedwait-no-timeout	--probe-disabled
c-programs/sigtimedwait-timeout-0s	--probe-disabled
c-programs/sigtimedwait-timeout-1s	--probe-disabled
c-programs/sysinfo-uptime	--probe-disabled
c-programs/thread-sync-determinism	--include-manual
c-programs/threadexhaustion	--probe-disabled
c-programs/writev-determinism	--probe-disabled
chaos-c/lock-granularity	--probe-disabled
data-handling/zstd-multithread	--probe-disabled
determinism-stress-c/lock-free	--probe-disabled
determinism-stress-c/pid-tid	--probe-disabled
determinism-stress-c/pid-tid-identity	--probe-disabled
determinism-stress-c/producer-consumer	--probe-disabled
determinism-stress-c/signal-order	--probe-disabled
determinism-stress/order-violation	--probe-disabled
determinism-stress/thread-contention	--probe-disabled
language-runtimes/node-v8-jit	--probe-disabled
language-runtimes/ruby-random	--include-manual
